{
  "7766141934": {
    "user_id": 7766141934,
    "username": "esksap",
    "first_name": "Кешка",
    "last_name": null,
    "first_seen": "2026-01-28T10:56:56.177533",
    "last_seen": "2026-01-28T14:34:23.826445",
    "message_count": 2,
    "successful_messages": 1,
    "blocked_messages": 1
  },
  "7955905703": {
    "user_id": 7955905703,
    "username": "utofi",
    "first_name": "𝐋𝐮𝐜𝐤𝟏𝐲",
    "last_name": null,
    "first_seen": "2026-01-28T10:57:00.433724",
    "last_seen": "2026-01-28T15:14:52.548843",
    "message_count": 13,
    "successful_messages": 13,
    "blocked_messages": 0
  },
  "7228311090": {
    "user_id": 7228311090,
    "username": "Zerofx_edits",
    "first_name": "Zerofx",
    "last_name": null,
    "first_seen": "2026-01-28T11:00:37.978502",
    "last_seen": "2026-01-28T11:20:19.314801",
    "message_count": 31,
    "successful_messages": 29,
    "blocked_messages": 2
  }
}